#id	display	preamp	desc
bass-xxl	超重低音	-5.5	低频猛推 + 去中低浑浊，鼓点贝斯砸出来
bass-perfect	完美低音	-6.5	比超重低音克制，下潜深但不糊
bass-soft	轻低音	-2.5	小幅低频提振，适合长时间听
vocal-clear	清澈人声	-4.0	切低频泥、抬 1.8-3.2kHz，人声前凸
vocal-magnetic	磁性人声	-1.75	深夜电台感，厚而不闷
pop	流行	-2.5	低频微抬 + 高频亮，通用好听
rock	摇滚	-3.5	低频冲击 + 3kHz 咬合感 + 空气感
electronic	电子	-6.25	重低音 + 高频刺激，蹦迪口径
classical	古典	-1.75	接近平直，只补一点厅堂空气感
jazz	爵士	-2.5	中低暖、高频柔，铜管不刺耳
warm-vinyl	暖声黑胶	-2.25	削高频数码味 + 中低加厚，听久不累
air	空气感	-3.75	削 300Hz 浑浊、抬极高频，通透开扬
loudness	等响补偿	-4.5	小音量下仍听得见低音和细节
surround-3d	3D 环绕	-	M/S 矩阵加宽声场，耳机现场感（单声道兼容）
wide-live	HIFI 现场	-	中等加宽 + 低频托底，像站在舞台中前排
mono-intimate	贴耳人声	-	负宽度收窄声场，人声贴脸，适合睡前
sub-woofer	重低音炮	-	并联低通 sub 通道，普通音箱也能挤出低频
live-concert	演唱会	-	体育馆中段，早反射密集、鼓点有力，人声有厅堂包围感
hall-orchestra	音乐厅	-	大型交响厅，尾巴长、高频带空气吸收，乐器前后层次清楚
livehouse	Live House	-	小场子舞台前排：混响短、直达声近，人声前凸、鼓不糊
cathedral	大教堂	-	超长混响（RT60 约 3.5s），声场极宽，庄严、有石造空间感
